<?xml version="1.0" ?> 
<SampleConfigs>
	<SampleConfig ParentNodeID = "Customizations">
	<Title>Customize Event and Auto Calculated Values</Title> 
	<Thumbnail>thumbnail.jpg</Thumbnail>
	<ShortBlurb>Customize Event and Auto Calculated Values</ShortBlurb> 
	<Content>Customize event.aspx</Content> 
	<InfoPages>
		<InfoPage Title="Overview">Overview.htm</InfoPage>
		<InfoPage Title="C# Source">cscode.txt</InfoPage>
		<InfoPage Title="Visual Basic Source">vbcode.txt</InfoPage>
	</InfoPages>
	<Keywords>
    <Keyword>Customize event</Keyword>
  </Keywords>

	</SampleConfig>
</SampleConfigs>
