<?xml version="1.0" ?> 
<SampleConfigs>

<SampleConfig ParentNodeID = "Axis" Priority="800">
  <Title>Highlighting Date Ranges using Strip Lines</Title> 
  <Thumbnail>thumbnail.jpg</Thumbnail>
  <ShortBlurb>Highlighting Date Ranges using Strip Lines</ShortBlurb> 
  <Content>HighlightDateRanges.aspx</Content> 
  <InfoPages>
    <InfoPage Title="C# Source">cscode.txt</InfoPage>
    <InfoPage Title="Visual Basic Source">vbcode.txt</InfoPage>
  </InfoPages>
  <Keywords>
	<Keyword>Strip Lines, DateTime</Keyword>
	<Keyword>Date Time, Strip Lines</Keyword>
  </Keywords>
</SampleConfig>

<SampleConfig ParentNodeID = "WorkingWithDates">
  <Title>Highlighting Date Ranges using Strip Lines</Title> 
  <Thumbnail>thumbnail.jpg</Thumbnail>
  <ShortBlurb>Highlighting Date Ranges using Strip Lines</ShortBlurb> 
  <Content>HighlightDateRanges.aspx</Content> 
  <InfoPages>
    <InfoPage Title="C# Source">cscode.txt</InfoPage>
    <InfoPage Title="Visual Basic Source">vbcode.txt</InfoPage>
  </InfoPages>
  <Keywords>
	<Keyword>Strip Lines, DateTime</Keyword>
	<Keyword>Date Time, Strip Lines</Keyword>
  </Keywords>
</SampleConfig>

</SampleConfigs>
