<?xml version="1.0" ?> 
<SampleConfigs>
<SampleConfig ParentNodeID = "AreaCharts">
  <Title>3D Area and Spline Area Charts</Title> 
  <Thumbnail>thumbnail.jpg</Thumbnail>
  <ShortBlurb>3D Area and Spline Area Charts</ShortBlurb> 
  <Content>AreaChart3D.aspx</Content> 
  <InfoPages>
    <InfoPage Title="C# Source">cscode.txt</InfoPage>
    <InfoPage Title="Visual Basic Source">vbcode.txt</InfoPage>
  </InfoPages>

<Keywords>
    <Keyword>Lighting</Keyword>
    <Keyword>3D, Lighting</Keyword>
    <Keyword>3D, Area chart</Keyword>
    <Keyword>3D, Spline Area chart</Keyword>
    <Keyword>3D, Spline Area chart</Keyword>
    <Keyword>Marker lines</Keyword>
    <Keyword>Tension, Spline Area 3D</Keyword>
    <Keyword>Chart type, Area 3D</Keyword>
    <Keyword>Chart type, Spline Area 3D</Keyword>
    <Keyword>Area 3D</Keyword>
    <Keyword>Spline Area 3D</Keyword>
  </Keywords>
</SampleConfig>

<SampleConfig ParentNodeID = "ChartAppearance" Priority="450">
  <Title>3D Lighting</Title> 
  <Thumbnail>thumbnail.jpg</Thumbnail>
  <ShortBlurb>3D Area and Spline Area Chart</ShortBlurb> 
  <Content>AreaChart3D.aspx</Content> 
  <InfoPages>
    <InfoPage Title="C# Source">cscode.txt</InfoPage>
    <InfoPage Title="Visual Basic Source">vbcode.txt</InfoPage>
  </InfoPages>

<Keywords>
    <Keyword>Lighting</Keyword>
    <Keyword>3D, Lighting</Keyword>
    <Keyword>3D, Area chart</Keyword>
    <Keyword>3D, Spline Area chart</Keyword>
    <Keyword>3D, Spline Area chart</Keyword>
    <Keyword>Marker lines</Keyword>
    <Keyword>Tension, Spline Area 3D</Keyword>
    <Keyword>Chart type, Area 3D</Keyword>
    <Keyword>Chart type, Spline Area 3D</Keyword>
    <Keyword>Area 3D</Keyword>
    <Keyword>Spline Area 3D</Keyword>
  </Keywords>
</SampleConfig>

</SampleConfigs>