<?xml version="1.0" ?> 
<SampleConfigs>
<SampleConfig ParentNodeID = "Axis" Priority="700">
  <Title>Scale Breaks</Title>
  <Thumbnail>thumbnail.jpg</Thumbnail>
  <ShortBlurb>Scale Breaks</ShortBlurb> 
  <Content>ScaleBreaks.aspx</Content> 
  <InfoPages>
    <InfoPage Title="C# Source">cscode.txt</InfoPage>
    <InfoPage Title="Visual Basic Source">vbcode.txt</InfoPage>
  </InfoPages>
  <Keywords>
	<Keyword>Axis, Scale Breaks</Keyword>
  </Keywords>
</SampleConfig>

</SampleConfigs>
