<?xml version="1.0" ?> 
<SampleConfigs>

	<SampleConfig ParentNodeID = "Annotations" Priority="200">
	<Title>Annotation Positioning</Title>
	<Thumbnail>thumbnail.jpg</Thumbnail>
	<ShortBlurb>Annotation Positioning</ShortBlurb> 
	<Content>AnnotationPositioning.aspx</Content> 
	
	<InfoPages>
		<InfoPage Title="C# Source">cscode.txt</InfoPage>
		<InfoPage Title="Visual Basic Source">vbcode.txt</InfoPage>
	</InfoPages>

	<Keywords>
    <Keyword>Annotations, Setting Coordinates</Keyword>
    <Keyword>Annotations, Coordinates</Keyword>
  </Keywords>   
</SampleConfig>

	<SampleConfig ParentNodeID = "NewAnnotations">
	<Title>Annotation Positioning</Title>
	<Thumbnail>thumbnail.jpg</Thumbnail>
	<ShortBlurb>Annotation Positioning</ShortBlurb> 
	<Content>AnnotationPositioning.aspx</Content> 
	
	<InfoPages>
		<InfoPage Title="C# Source">cscode.txt</InfoPage>
		<InfoPage Title="Visual Basic Source">vbcode.txt</InfoPage>
	</InfoPages> 
</SampleConfig>
	
</SampleConfigs>