<?xml version="1.0" ?> 
<SampleConfigs>

	<SampleConfig ParentNodeID = "StockCharts">
	<Title>Stock and Candlestick Charts</Title> 
	<Thumbnail>thumbnail.jpg</Thumbnail>
	<ShortBlurb>Stock and CandleStick Charts</ShortBlurb> 
	<Content>FinancialChart.aspx</Content> 
	<InfoPages>
		<InfoPage Title="C# Source">cscode.txt</InfoPage>
		<InfoPage Title="Visual Basic Source">vbcode.txt</InfoPage>
	</InfoPages>

	<Keywords>
	  <Keyword>Open close marks</Keyword>
      <Keyword>Chart type, Financial</Keyword>
      <Keyword>Chart type, Stock</Keyword>
      <Keyword>Chart type, Candlestick</Keyword>
      <Keyword>Stock chart</Keyword>
      <Keyword>Candlestick chart</Keyword>
      <Keyword>Financial, Stock chart</Keyword>
      <Keyword>Financial, Candlestick chart</Keyword>
    </Keywords>
	</SampleConfig>

</SampleConfigs>