<?xml version="1.0" ?> 
<SampleConfigs>
<SampleConfig ParentNodeID = "JapanCharts">
  <Title>Three Line Break Chart</Title> 
  <Thumbnail>thumbnail.jpg</Thumbnail>
  <ShortBlurb>Three Line Break Chart</ShortBlurb> 
  <Content>ThreeLineBreakChart.aspx</Content> 
  <InfoPages>
    <InfoPage Title="C# Source">cscode.txt</InfoPage>
    <InfoPage Title="Visual Basic Source">vbcode.txt</InfoPage>
  </InfoPages>

  <Keywords>
      <Keyword>Chart type, Three Line Break</Keyword>
      <Keyword>Three Line Break chart</Keyword>
      <Keyword>NumberOfLineInBreak</Keyword>
    </Keywords>
</SampleConfig>

</SampleConfigs>