<?xml version="1.0" ?> 
<SampleConfigs>
<SampleConfig ParentNodeID = "AreaCharts">
  <Title>Area and Spline Area Charts</Title> 
  <Thumbnail>thumbnail.jpg</Thumbnail>
  <ShortBlurb>Area and Spline Area Chart</ShortBlurb>
  <Content>AreaChart.aspx</Content> 
  <InfoPages>
    <InfoPage Title="C# Source">cscode.txt</InfoPage>
    <InfoPage Title="Visual Basic Source">vbcode.txt</InfoPage>
  </InfoPages>

<Keywords>
    <Keyword>Semi-transparent colors</Keyword>
    <Keyword>Tension, Spline Area</Keyword>
    <Keyword>Chart type, Area</Keyword>
    <Keyword>Chart type, Spline Area</Keyword>
    <Keyword>Area</Keyword>
    <Keyword>Spline Area</Keyword>
  </Keywords>
</SampleConfig>

</SampleConfigs>